PrecursorMz	ProductMz	Tr_recalibrated	transition_name	CE	LibraryIntensity	transition_group_id	decoy	PeptideSequence	ProteinName	Annotation	FullUniModPeptideName	MissedCleavages	Replicates	NrModifications	PrecursorCharge	GroupLabel	UniprotID
622.854	598.36	71.3819	1	-1	10000	1	0	GTFIIDPGGVIR	iRTpeptides	y6/-0.01	GTFIIDPGGVIR	0	0	0	2	light	
622.854	713.395	71.3819	3	-1	6151.3	1	0	GTFIIDPGGVIR	iRTpeptides	y7/0.00	GTFIIDPGGVIR	0	0	0	2	light	
622.854	826.494	71.3819	4	-1	4786.2	1	0	GTFIIDPGGVIR	iRTpeptides	y8/0.02	GTFIIDPGGVIR	0	0	0	2	light	
622.854	939.572	71.3819	6	-1	2763.2	1	0	GTFIIDPGGVIR	iRTpeptides	y9/0.01	GTFIIDPGGVIR	0	0	0	2	light	
683.854	956.453	33.6311	11	-1	10000	2	0	TPVITGAPYEYR	iRTpeptides	y8/0.01	TPVITGAPYEYR	0	0	0	2	light	
683.854	298.175	33.6311	12	-1	7177	2	0	TPVITGAPYEYR	iRTpeptides	b3/-0.00	TPVITGAPYEYR	0	0	0	2	light	
683.854	855.401	33.6311	13	-1	5546.3	2	0	TPVITGAPYEYR	iRTpeptides	y7/0.00	TPVITGAPYEYR	0	0	0	2	light	
683.854	1069.54	33.6311	14	-1	5505.2	2	0	TPVITGAPYEYR	iRTpeptides	y9/0.00	TPVITGAPYEYR	0	0	0	2	light	
683.854	727.336	33.6311	15	-1	4992.7	2	0	TPVITGAPYEYR	iRTpeptides	y5/-0.00	TPVITGAPYEYR	0	0	0	2	light	
683.854	1168.58	33.6311	17	-1	2814.5	2	0	TPVITGAPYEYR	iRTpeptides	y10/-0.02	TPVITGAPYEYR	0	0	0	2	light	
683.854	411.257	33.6311	19	-1	2133.2	2	0	TPVITGAPYEYR	iRTpeptides	b4/-0.00	TPVITGAPYEYR	0	0	0	2	light	
726.836	1066.47	54.969	31	-1	10000	4	0	ADVTPADFSEWSK	iRTpeptides	y9/-0.01	ADVTPADFSEWSK	0	0	0	2	light	
726.836	533.74	54.969	34	-1	2013.3	4	0	ADVTPADFSEWSK	iRTpeptides	y9^2/-0.01	ADVTPADFSEWSK	0	0	0	2	light	
726.836	1167.54	54.969	35	-1	1834	4	0	ADVTPADFSEWSK	iRTpeptides	y10/0.01	ADVTPADFSEWSK	0	0	0	2	light	
699.338	855.432	43.2819	41	-1	10000	5	0	DGLDAASYYAPVR	iRTpeptides	y7/-0.00	DGLDAASYYAPVR	0	0	0	2	light	
699.338	926.466	43.2819	42	-1	8214.4	5	0	DGLDAASYYAPVR	iRTpeptides	y8/-0.01	DGLDAASYYAPVR	0	0	0	2	light	
699.338	1112.53	43.2819	43	-1	5916.2	5	0	DGLDAASYYAPVR	iRTpeptides	y10/-0.01	DGLDAASYYAPVR	0	0	0	2	light	
699.338	605.338	43.2819	44	-1	5073.5	5	0	DGLDAASYYAPVR	iRTpeptides	y5/-0.00	DGLDAASYYAPVR	0	0	0	2	light	
644.823	800.449	0.227424	51	-1	10000	6	0	GAGSSEPVTGLDAK	iRTpeptides	y8/-0.00	GAGSSEPVTGLDAK	0	0	0	2	light	
644.823	1016.52	0.227424	53	-1	1559.3	6	0	GAGSSEPVTGLDAK	iRTpeptides	y10/-0.01	GAGSSEPVTGLDAK	0	0	0	2	light	
644.823	929.492	0.227424	55	-1	996.7	6	0	GAGSSEPVTGLDAK	iRTpeptides	y9/-0.00	GAGSSEPVTGLDAK	0	0	0	2	light	
669.838	928.416	28.9999	61	-1	10000	7	0	TPVISGGPYEYR	iRTpeptides	y8/0.00	TPVISGGPYEYR	0	0	0	2	light	
669.838	1041.5	28.9999	62	-1	6723.3	7	0	TPVISGGPYEYR	iRTpeptides	y9/-0.00	TPVISGGPYEYR	0	0	0	2	light	
669.838	298.175	28.9999	63	-1	4085.7	7	0	TPVISGGPYEYR	iRTpeptides	b3/-0.00	TPVISGGPYEYR	0	0	0	2	light	
669.838	841.38	28.9999	64	-1	3832.5	7	0	TPVISGGPYEYR	iRTpeptides	y7/-0.00	TPVISGGPYEYR	0	0	0	2	light	
669.838	1140.56	28.9999	65	-1	2296.2	7	0	TPVISGGPYEYR	iRTpeptides	y10/-0.01	TPVISGGPYEYR	0	0	0	2	light	
669.838	338.182	28.9999	66	-1	1742.7	7	0	TPVISGGPYEYR	iRTpeptides	y2/-0.00	TPVISGGPYEYR	0	0	0	2	light	
669.838	199.104	28.9999	67	-1	1456.3	7	0	TPVISGGPYEYR	iRTpeptides	b2/-0.00	TPVISGGPYEYR	0	0	0	2	light	
669.838	411.26	28.9999	68	-1	1279.4	7	0	TPVISGGPYEYR	iRTpeptides	b4/-0.00	TPVISGGPYEYR	0	0	0	2	light	
669.838	171.11	28.9999	70	-1	887.5	7	0	TPVISGGPYEYR	iRTpeptides	a2/-0.00	TPVISGGPYEYR	0	0	0	2	light	
636.869	854.507	86.7152	81	-1	6542.3	9	0	GTFIIDPAAVIR	iRTpeptides	y8/-0.00	GTFIIDPAAVIR	0	0	0	2	light	
636.869	741.43	86.7152	82	-1	4649.2	9	0	GTFIIDPAAVIR	iRTpeptides	y7/0.00	GTFIIDPAAVIR	0	0	0	2	light	
636.869	306.139	86.7152	85	-1	2010.9	9	0	GTFIIDPAAVIR	iRTpeptides	b3/-0.01	GTFIIDPAAVIR	0	0	0	2	light	
636.869	967.584	86.7152	86	-1	1527.7	9	0	GTFIIDPAAVIR	iRTpeptides	y9/-0.01	GTFIIDPAAVIR	0	0	0	2	light	
547.298	817.438	22.3798	91	-1	10000	10	0	YILAGVENSK	iRTpeptides	y8/-0.00	YILAGVENSK	0	0	0	2	light	
547.298	249.158	22.3798	92	-1	8987.2	10	0	YILAGVENSK	iRTpeptides	a2/-0.00	YILAGVENSK	0	0	0	2	light	
547.298	633.316	22.3798	94	-1	4448.1	10	0	YILAGVENSK	iRTpeptides	y6/-0.00	YILAGVENSK	0	0	0	2	light	
547.298	277.152	22.3798	95	-1	4365.7	10	0	YILAGVENSK	iRTpeptides	b2/-0.00	YILAGVENSK	0	0	0	2	light	
547.298	348.188	22.3798	96	-1	1451.6	10	0	YILAGVENSK	iRTpeptides	y3/0.00	YILAGVENSK	0	0	0	2	light	
547.298	477.228	22.3798	97	-1	1228.7	10	0	YILAGVENSK	iRTpeptides	y4/-0.00	YILAGVENSK	0	0	0	2	light	
547.298	390.236	22.3798	98	-1	1194.7	10	0	YILAGVENSK	iRTpeptides	b3/-0.00	YILAGVENSK	0	0	0	2	light	
683.828	229.117	13.1078	102	-1	8313.6	11	0	VEATFGVDESNAK	iRTpeptides	b2/-0.00	VEATFGVDESNAK	0	0	0	2	light	
683.828	966.45	13.1078	103	-1	6726.6	11	0	VEATFGVDESNAK	iRTpeptides	y9/-0.00	VEATFGVDESNAK	0	0	0	2	light	
683.828	1138.54	13.1078	104	-1	5759.2	11	0	VEATFGVDESNAK	iRTpeptides	y11/-0.00	VEATFGVDESNAK	0	0	0	2	light	
683.828	1067.5	13.1078	108	-1	3652.2	11	0	VEATFGVDESNAK	iRTpeptides	y10/-0.00	VEATFGVDESNAK	0	0	0	2	light	
683.828	548.269	13.1078	109	-1	3161	11	0	VEATFGVDESNAK	iRTpeptides	y5/0.00	VEATFGVDESNAK	0	0	0	2	light	
683.828	419.224	13.1078	110	-1	2607.4	11	0	VEATFGVDESNAK	iRTpeptides	y4/-0.00	VEATFGVDESNAK	0	0	0	2	light	
487.257	860.417	-28.3083	111	-1	7886.9	12	0	LGGNEQVTR	iRTpeptides	y8/-0.01	LGGNEQVTR	0	0	0	2	light	
487.257	632.329	-28.3083	113	-1	2112.5	12	0	LGGNEQVTR	iRTpeptides	y5/-0.01	LGGNEQVTR	0	0	0	2	light	
487.257	276.167	-28.3083	115	-1	1904	12	0	LGGNEQVTR	iRTpeptides	y2/-0.00	LGGNEQVTR	0	0	0	2	light	
487.257	375.237	-28.3083	116	-1	1641	12	0	LGGNEQVTR	iRTpeptides	y3/0.00	LGGNEQVTR	0	0	0	2	light	
